tweet,time,tweet_id,lat,long
ottimes daily top stories ghostlightning secretanimelov erojunko, 2014-08-24 08:55:08,362523555,36.7392,-121.4147
cant live without, 2014-08-24 10:21:42,341735855,37.27364162,-121.8004701
watching chapelle show without doesnt feel quite right, 2014-08-24 10:21:46,4602,37.30617174,-121.9481551
yo errybody emily reimers phone dead appologizes, 2014-08-24 10:21:51,837173065,37.31985022,-121.9875459
rt stop tricking even got self esteem game low damn, 2014-08-24 10:21:39,2350122217,37.32603288,-121.8380404
haters gon na hate potatoes gon na potate, 2014-08-24 10:21:48,71378392,37.32168803,-122.0696912
liked video player ego cholo, 2014-08-24 10:21:42,571953721,37.33863878,-121.877644
quits lose smh rt everyone online plays barcelona alright, 2014-08-24 10:21:43,333868924,37.37301574,-121.8923792
philadelphia millionare meek nigga, 2014-08-24 10:21:41,855970824,37.31249201,-121.981364
got curfew fucking right imma monica amp amp leave ass lol, 2014-08-24 10:21:47,63654763,37.32599357,-121.8445059
amp homecoming end month, 2014-08-24 10:22:01,1663836642,37.31751887,-121.8031744
days till pll whos excited, 2014-08-24 10:21:58,341735855,37.27367603,-121.8007926
silence speaks louder words, 2014-08-24 10:21:52,1305626611,37.2934622,-121.8166745
bricksquad block toten, 2014-08-24 10:22:00,466185288,37.26805619,-121.8700919
fadhil harvard university rt afrizaldelonge afrizal oxford university rt sarah vhs grade xi, 2014-08-24 10:22:07,277618799,37.3508255,-122.0579449
lil bae im still, 2014-08-24 10:22:03,6020282,37.35825148,-121.9987
character screen husband play vampire diaries, 2014-08-24 10:22:18,41750995,37.35087771,-122.0338561
know theres bill, 2014-08-24 10:22:14,514548723,37.2943543,-121.9673795
ight time tag tcugrival fwm, 2014-08-24 10:22:13,521078533,37.31272624,-121.8233559
one corrected followers suck lmao, 2014-08-24 10:22:25,552343346,37.2792203,-121.8180346
iggy azalea ft juicy flexin amp finessin, 2014-08-24 10:22:22,391880722,37.27882669,-121.8476511
im pretty sure keyshawn johnson new favorite analyst, 2014-08-24 10:22:27,55718382,37.28537742,-121.8358349
hate love gave good, 2014-08-24 10:22:20,109728456,37.36250807,-121.8454758
time come vampire diaries, 2014-08-24 10:22:29,94765815,37.32010785,-122.0356109
youre gon na find somebody better know know got ta get prepared let go, 2014-08-24 10:22:28,360304339,37.3129935,-121.8793646
realized forgot dvr debate tonight one home record, 2014-08-24 10:22:31,480036065,37.3231238,-121.9225259
hanoi paying extra fly bangkok hanoi id rather spend holiday kymmie lego land amp hello kitty land, 2014-08-24 10:22:37,64546390,37.29846387,-121.9475003
good seeing amp game today, 2014-08-24 10:22:35,612190949,37.27397187,-121.8908108
lives mindset could never move, 2014-08-24 10:22:49,32302375,37.33551637,-121.9082615
hes thirsty, 2014-08-24 10:22:52,14400532,37.3019383,-122.2673324
ima beat face inside, 2014-08-24 10:22:47,153709073,37.2626448,-121.9024585
barely walk tripping regular shoes know made get heels homecoming lls, 2014-08-24 10:22:50,5131,37.36126964,-121.8454169
dnt wat gon na say wen tell, 2014-08-24 10:22:50,996479376,37.24451279,-121.917694
miss everything us, 2014-08-24 10:22:57,403930348,37.32114199,-121.8304523
vote yes lord radio stellars internet radio station year go vote votes per household, 2014-08-24 10:22:57,10219502,37.28000856,-121.8802349
directioners shirtless photos, 2014-08-24 10:23:00,675603,37.05015104,-122.0259932
check website coming djs great new tracks share thoughts get touch chance feature, 2014-08-24 10:23:05,395640021,37.26253929,-121.8068754
greys anatomy tonight day sucks real bad, 2014-08-24 10:23:06,306415253,37.30151639,-121.8962097
girl age spending night dad found wasnt actually daughter kicked, 2014-08-24 10:23:06,333868924,37.37298303,-121.8923921
gon na beg stay aint got ta ask whats wrong reason running something already gone, 2014-08-24 10:23:07,14223434,37.3652692,-122.0190554
peanut butter jam come rescue moment need, 2014-08-24 10:23:07,364691947,37.3110524,-121.7661598
join video chat online lets oovoo, 2014-08-24 10:23:18,20067115,37.36581401,-122.1034035
supergorge family photo ti gang, 2014-08-24 10:23:15,570552812,37.32659509,-121.8495222
seem like ones love always ones die first, 2014-08-24 10:23:15,259966107,37.3336181,-121.9934427
sgd plated wave bracelet made swarovski elementsfree registered postage available white gold champagne gold, 2014-08-24 10:23:31,83749630,37.3668066,-122.1512263
borini injured theres rumours wisdom injured well step even younger youngsters getting ridiculous squad depth, 2014-08-24 10:23:32,292025491,37.33956634,-121.9401496
new bedroom antics alan lyndsey decide shake things new tonight wbtv, 2014-08-24 10:23:30,51319609,37.36426064,-121.8367745
yay top emotions gamers experience joy fr, 2014-08-24 10:23:37,555742290,37.33055554,-121.7900567
evrything buy odee exspensive, 2014-08-24 10:23:37,14092498,37.34983513,-121.9949713
family buys ipad receives box full notepads instead video, 2014-08-24 10:23:42,352694527,37.33272008,-121.8770573
nobody understands things nobody understands say things say nobody ever understand, 2014-08-24 10:23:44,502437057,37.2860514,-121.7609799
playing bloodline would ylr radio tune gt, 2014-08-24 10:23:38,1730296039,37.0247684,-121.6111003
bad glastonbury listeners, 2014-08-24 10:23:45,18706724,37.29846046,-121.9239192
im still vacation cocktail might might slightly buzzed hic, 2014-08-24 10:23:48,1106981018,37.23006641,-121.8046568
gaffer talked tactics couldnt concentrate kept thinking big boot tits, 2014-08-24 10:23:45,29410830,37.36936568,-122.0096263
photoset perfectioney, 2014-08-24 10:23:48,1082681838,37.285526,-121.8173024
pingo almost free save remetee shirts jeans women street moda, 2014-08-24 10:23:53,930044245,37.27145805,-121.839348
admit sometimes petty, 2014-08-24 10:23:57,2257103024,36.9818316,-122.0148998
im lookin love cuz shes gone, 2014-08-24 10:24:00,1465251740,37.3394713,-121.794814
one time need trees errybody souped lol, 2014-08-24 10:23:54,18769920,37.281016,-121.908052
game mesquite poteet begin go scots, 2014-08-24 10:23:56,85606244,37.32633657,-121.8875791
unlocked bakers dozen badge checking bakeries mmm carbs, 2014-08-24 10:23:58,514548723,37.2944692,-121.9673362
unknown whether person receiving points elevate member person buying points, 2014-08-24 10:24:06,25944887,37.3370078,-121.9270648
low price bronze color fashion watch, 2014-08-24 10:24:02,35851300,37.3615157,-122.0044399
hungary sees obligation join euro pm financial hungary, 2014-08-24 10:24:01,16318984,37.35078732,-121.9947393
mark reynolds putting better power numbers, 2014-08-24 10:24:05,1013934960,37.37334042,-122.0923609
careful trust gys, 2014-08-24 10:24:11,392460446,37.27354309,-121.7515669
posting facebook feed tagging users bemmu jun max bi, 2014-08-24 10:24:08,342474511,37.3301768,-121.8052301
steelers titans football min tigers pm better come get drinks amp chips youre ready, 2014-08-24 10:24:15,41750995,37.35082097,-122.0339192
itunes uk top free iphone apps find iphone itunes, 2014-08-24 10:24:22,54463831,37.31878473,-121.7812776
rt sometimes feelings really mean found letters write never send, 2014-08-24 10:24:16,1621019076,37.28482965,-121.9027496
big smile lady glanced around room said pastor ill take, 2014-08-24 10:24:29,153709073,37.2627069,-121.9024992
vampire diaries time, 2014-08-24 10:24:36,491834102,37.3732858,-122.0645326
north carolina romney vs obama rasmussen reports romney obama romney, 2014-08-24 10:24:34,594059393,37.3270137,-121.8828133
nascar doesnt conduct preseason baseline tests indycar, 2014-08-24 10:24:43,14982069,37.34507388,-121.9791914
chinese food, 2014-08-24 10:24:43,14277600,37.37253975,-122.0192017
well lot haribo, 2014-08-24 10:24:50,341735855,37.27361484,-121.8007857
secrets brought together secrets threaten tear apart counterfeit kisses, 2014-08-24 10:24:54,153709073,37.262705,-121.9024655
booking feature inquiries please email riccobarrino gmailcom serious inquiries, 2014-08-24 10:24:56,17261953,37.29613177,-121.8800306
watch nigeria vs liberia live, 2014-08-24 10:25:14,47698395,37.3193259,-121.9939459
think someone hacked twitter got ta start tweeting, 2014-08-24 10:25:27,44919902,37.32142727,-121.8845374
comixology debuts submit program picking indie comics app, 2014-08-24 10:25:25,164758769,37.35282039,-121.9986279
bitch wasnt texting last night grandaddy purp, 2014-08-24 10:25:30,55718382,37.28538701,-121.8359109
homecoming date doesnt talk, 2014-08-24 10:25:42,14223434,37.3652745,-122.0190079
im high yellow model amp thick, 2014-08-24 10:25:38,855970824,37.31263503,-121.9812457
days users load average, 2014-08-24 10:25:38,347713923,37.35342204,-121.8425901
new event absent minds williams mint club leeds friday th october, 2014-08-24 10:25:53,26149168,37.36031532,-121.8399374
ill night, 2014-08-24 10:25:51,50522038,36.97594722,-122.0118726
said ready blinks eyes, 2014-08-24 10:26:02,15355149,37.3281649,-121.8861915
girl true store tryna get chose lol, 2014-08-24 10:26:02,465759363,37.34833841,-122.0365156
enough class wine still handle patron, 2014-08-24 10:26:06,948203804,37.09618958,-121.6429214
friend got wanting everything much city alone stagnant, 2014-08-24 10:26:24,197796433,37.3307457,-121.8754266
test tweet jst, 2014-08-24 10:26:15,425614175,37.34306734,-121.8845871
guys hair awesome dresses like slob, 2014-08-24 10:26:26,224558317,37.09847394,-122.1125532
guess time, 2014-08-24 10:26:25,353399758,36.81641337,-119.7555237
eve radio prime available next gmt djdaddy, 2014-08-24 10:26:37,35851300,37.36152988,-122.0042564
another hr day timber mtns gasherbrums im coming new ork mtns gold dust long traverse, 2014-08-24 10:26:38,391880722,37.27883508,-121.8475103
favorite week made taking surveys week far look gt gt, 2014-08-24 10:26:49,225253874,37.36919146,-121.8209798
singer twitter please follow, 2014-08-24 10:26:51,19103612,37.36371196,-122.0512769
dumb sometimes blame nigga, 2014-08-24 10:26:47,259966107,37.3336181,-121.9934427
need back massage, 2014-08-24 10:26:56,465109337,37.26137698,-121.808363
ate niya house, 2014-08-24 10:27:09,2200609441,37.24022255,-121.860346
hour, 2014-08-24 10:27:15,455053054,37.37123485,-121.8210209
lol ive wanting fight lately, 2014-08-24 10:27:19,193482885,37.36396161,-122.0212029
quickstart boot amp backup guide help set configuration dell powervault rd, 2014-08-24 10:27:26,43357385,37.37047603,-122.0204603
two pairs socks hoodie sweats im still cold degrees im gon na die get back gc, 2014-08-24 10:27:34,252349869,37.2697672,-121.9638143
np lil mouse dwade, 2014-08-24 10:27:45,2350122217,37.32603886,-121.8382006
well left team iphone drank, 2014-08-24 10:27:41,9624612,37.35127816,-121.8912534
worst thing possible developing feelings best friend, 2014-08-24 10:27:52,756293178,37.35095659,-121.9731732
nectar flowed drops pure gold winepresses tokaj ferenc lcsey, 2014-08-24 10:27:48,1692481532,36.96396724,-122.0585144
though ive lost way times wished heart constant willing, 2014-08-24 10:27:54,341735855,37.27355856,-121.8007396
wan na something today, 2014-08-24 10:27:47,285518944,37.32106368,-121.9981186
talked txted day thats cool, 2014-08-24 10:27:52,391880722,37.27877272,-121.8476045
eclipse tourism hit cairns, 2014-08-24 10:28:22,427870994,37.30572692,-122.0361475
right need gary allan wcvh, 2014-08-24 10:28:32,312412769,37.31624867,-121.7808478
think invent lies allah day resurrection ie think, 2014-08-24 10:28:37,84506465,37.30332169,-121.9009063
rk partly cloudy georgetown automatic weather observing reporting tx winds southeast, 2014-08-24 10:28:50,1113081206,37.28853949,-121.914252
friday october th good morning, 2014-08-24 10:29:07,509692391,37.3577696,-121.8653634
half people watching tonight watching, 2014-08-24 10:29:31,1321628407,37.32634007,-121.7992071
kmh wind gusts past hours daniels harbour, 2014-08-24 10:29:42,97142520,37.27593478,-121.8133554
cant wait see family, 2014-08-24 10:29:36,2200609441,37.24019669,-121.860387
lovee fall, 2014-08-24 10:29:35,457319633,37.30068058,-121.9528648
got left prawn crackers anyone wants collection, 2014-08-24 10:29:47,2560450824,37.23112676,-121.8331167
cant even deal people annoying, 2014-08-24 10:30:07,347713923,37.35356102,-121.8425905
times miss good ass boyfriend sad im looking one either, 2014-08-24 10:30:10,7393392,37.25663076,-121.8291431
even time bake something cousins always come eat greedy heffas, 2014-08-24 10:30:02,217951828,37.31531532,-122.0667433
motor trend sportutility year contender xv crosstrek, 2014-08-24 10:30:12,17928325,37.37204853,-121.9190724
dont life dont put words mouth, 2014-08-24 10:30:32,37636664,37.32106119,-121.9985234
less miuntes, 2014-08-24 10:30:37,756293178,37.35118013,-121.9731291
th grade football loses tough one maize south, 2014-08-24 10:30:43,19258511,37.06328666,-122.071058
nigga really boutta poke eye tho smh fuckin asswhole, 2014-08-24 10:31:15,1363176446,37.32101599,-122.0310352
xoxo polka dotted gray amp amp black prom party, 2014-08-24 10:31:22,24852028,37.3381196,-121.864396
im fifth third ballpark comstock park mi, 2014-08-24 10:31:18,10219502,37.27977499,-121.8801969
right ragan holding onto th gilliland st cars taken time wise miss race, 2014-08-24 10:31:29,277618799,37.35065807,-122.0581358
depth field floral photography, 2014-08-24 10:31:36,1317864907,37.31704425,-121.7641501
rt online test prep year scores go education, 2014-08-24 10:31:39,229289720,37.35174958,-121.8922433
small world everybody knows everybody, 2014-08-24 10:32:08,16638146,37.31347854,-121.9489511
weekend going bittersweet, 2014-08-24 10:32:18,27815326,37.3545616,-121.881937
courtney wants travel mates backpacking europe, 2014-08-24 10:32:11,54463831,37.31887582,-121.7813918
go room brother little ginger friend raiding everything wtf get, 2014-08-24 10:32:46,155614807,37.28578867,-121.9592918
lets go reynolds, 2014-08-24 10:33:02,107654923,37.2992859,-121.9622544
big bang time, 2014-08-24 10:33:06,10426652,36.97061637,-122.0282142
ya retweeted suckas, 2014-08-24 10:32:57,1656467508,37.25312945,-121.8366639
fucking idea audition, 2014-08-24 10:33:06,26149168,37.36045359,-121.8397211
smoke spliff vanish, 2014-08-24 10:33:50,91215601,37.32994278,-121.8870725
farted alone lift, 2014-08-24 10:34:25,308860209,37.32959906,-121.8664002
cant win save life ill stop die, 2014-08-24 10:34:43,18384771,37.33128906,-121.8016286
spending hours working companys blog time update blog, 2014-08-24 10:34:31,140731497,37.35875399,-122.0194661
sooo upset sister texted old friends beat, 2014-08-24 10:34:33,86672294,37.37010409,-122.0809637
baseball, 2014-08-24 10:34:54,147599631,37.2948434,-122.0292381
new show radio eclectica marc breslav played im man chicago transit authority, 2014-08-24 10:35:14,1621019076,37.28481256,-121.9027518
falls, 2014-08-24 10:35:10,59349996,37.36534253,-122.0118965
sickass week earned taking surveys week far look gt gt, 2014-08-24 10:35:12,35851300,37.36153149,-122.0041305
dont know many people would long distance relationship, 2014-08-24 10:35:30,781639459,37.3446708,-121.824583
next morning working hour day, 2014-08-24 10:35:25,542086542,37.2405391,-121.7963817
well hes actually hermaphrodite name right hand heshe doesnt care cheat himher, 2014-08-24 10:35:41,437223008,37.68070556,-121.0412327
oh god little brother said dont wan na mess asian, 2014-08-24 10:35:56,49107973,37.24898294,-121.8560247
number property shows two sides equation equal, 2014-08-24 10:36:30,1621019076,37.28480112,-121.9027606
waiting long, 2014-08-24 10:36:42,2538665287,37.32526618,-121.8395404
following takes place pm pm, 2014-08-24 10:37:41,430818507,36.96533238,-121.8406119
sasquatch dumbest shit sometimes swear, 2014-08-24 10:37:33,1730296039,37.02478405,-121.6112944
tenth month eleventh day twelfth year, 2014-08-24 10:38:02,95746393,37.30532505,-121.9754139
planning living canada grow, 2014-08-24 10:38:15,565107871,37.3131837,-121.9089751
gettin pumped vp debate, 2014-08-24 10:38:23,1429358400,37.34460269,-121.8220086
crosses fingers, 2014-08-24 10:38:47,277618799,37.35063648,-122.0580726
asked things gon na change, 2014-08-24 10:39:13,259966107,37.3336181,-121.9934427
love hugs person knows properly hug, 2014-08-24 10:39:28,633176431,37.33512845,-121.8955575
like college football free stuff win trip buffalo wild wings bowl courtesy coke zero, 2014-08-24 10:39:37,2489479263,37.31530353,-121.9717688
yes cardinals, 2014-08-24 10:40:10,711409466,36.34422489,-119.3098624
playing wheres fun forever nonstop, 2014-08-24 10:40:26,1363176446,37.32099271,-122.031029
cool, 2014-08-24 10:40:46,6210762,37.34584579,-121.9749365
im watching always sunny philadelphia others checked, 2014-08-24 10:41:05,352694527,37.33454648,-121.8780781
steam sauna portable large wet heat tent therapy head cover lose weight new, 2014-08-24 10:41:00,132062287,39.30580698,-123.795993
watching impact, 2014-08-24 10:41:02,22557591,37.33045969,-121.9043537
cant live life without dont want, 2014-08-24 10:41:23,242194938,37.24316703,-121.8561278
cant complain lifes good, 2014-08-24 10:41:21,2203640202,37.3332647,-121.8851396
im horrible mood today wan na go piano wan na lay bed sleep, 2014-08-24 10:41:59,56148464,37.33588968,-121.9086714
running blackberry brb, 2014-08-24 10:41:54,4602,37.30625829,-121.9481072
blast intergalactic fun new rank updates rewards read blog, 2014-08-24 10:42:41,1233525522,37.06011171,-120.8184495
cool thing doesnt exist, 2014-08-24 10:42:55,6826842,37.2977676,-122.0406269
knew hair whipping willow smith actually really talented singer love new hair ex, 2014-08-24 10:43:04,190560880,36.97133112,-122.0189303
thats okay, 2014-08-24 10:43:28,53411858,37.37236665,-121.880516
dis man hay slow needa go head let class get hell, 2014-08-24 10:43:22,26149168,37.36072117,-121.839707
cca vs western game saw lot old friends, 2014-08-24 10:43:44,1897036255,37.3662289,-121.9109968
drivers irate another trenton delay blocks mdi traffic, 2014-08-24 10:43:50,277618799,37.35053046,-122.0580355
ears ringing day someone must talkin lol, 2014-08-24 10:44:12,781639459,37.3446898,-121.8245881
promising vampire named bud finds soulmate true flesh blood, 2014-08-24 10:44:00,259966107,37.3336181,-121.9934427
vampire diaries onnn havent excited lol, 2014-08-24 10:44:08,296033369,37.34503802,-121.8915911
funny thing telling future cant tell future, 2014-08-24 10:44:42,2489479263,37.31541367,-121.9717558
hari ini midodareni im excited, 2014-08-24 10:44:30,341735855,37.27362134,-121.8007776
groups free bottle section friday txt names amp enter free thru cut line til, 2014-08-24 10:44:41,32375743,37.329473,-121.8970972
love walking around observing peoples different styles, 2014-08-24 10:45:31,341735855,37.27362792,-121.8007828
im loyal ill never switch sides niggas, 2014-08-24 10:45:44,74283988,37.2657598,-121.8151519
wonder people twatch, 2014-08-24 10:45:31,192462933,37.357217,-121.833865
shit liyah nd asia listenin lml, 2014-08-24 10:45:57,38397233,37.3570483,-121.9969136
love hearing dads stories firefighter makes interesting xo, 2014-08-24 10:46:18,529162824,37.3201217,-121.8395047
currency real networking greed generosity keith ferrazzi, 2014-08-24 10:46:33,190560880,36.97132723,-122.0190138
week going wrong far, 2014-08-24 10:47:11,896703414,37.36496924,-122.0353958
really wish cookies cream ice cream right, 2014-08-24 10:47:35,17942280,37.315519,-121.895878
best dinner conversation ever, 2014-08-24 10:47:42,76143456,37.36812791,-122.1118092
good fit job technical lead sunnyvale ca, 2014-08-24 10:48:42,269937984,37.30414725,-121.8998041
thing im looking forward tonight vampire dairies, 2014-08-24 10:49:25,34955229,37.3290413,-121.8889107
thrilling thursday thrilling know good things still possible raise denied, 2014-08-24 10:50:58,140993495,37.32155174,-122.032061
wonder spielbergs new movie prez lincoln stress abe founding member republican party, 2014-08-24 10:52:08,1656467508,37.25294643,-121.8367895
hey good see thanks stopping visit, 2014-08-24 10:52:37,78500450,37.35311494,-121.8166138
helped home owner cisco tx, 2014-08-24 10:52:16,259966107,37.3336181,-121.9934427
vampire diaries starts omg lt, 2014-08-24 10:54:15,457237907,37.35740282,-122.0905876
season vampire dairies starts, 2014-08-24 10:54:41,47848153,37.2504872,-121.8068753
gameonaminka hey audrey would say best memory series, 2014-08-24 10:55:02,515939837,37.3228,-122.002
skillfully interweaving sentient wolves role supporting triumph right adds spice, 2014-08-24 10:55:26,17920581,39.43163022,-120.0255699
posted photo, 2014-08-24 10:55:44,269937984,37.30400946,-121.9001748
oh yeah good morning sweets, 2014-08-24 10:56:30,260590235,37.26717893,-121.979556
point someone everything say amp annoys living hell outta, 2014-08-24 10:56:54,607369200,37.31720767,-121.9092299
dont wan na go anywhere tbh, 2014-08-24 10:58:26,277618799,37.350647,-122.058128
really needs someone text right, 2014-08-24 10:58:53,269937984,37.3039066,-121.8997388
trust choose girl drop fool, 2014-08-24 11:00:34,185448870,36.98605781,-122.0111464
think finna start eatin pussy lol, 2014-08-24 11:00:50,781639459,37.3447295,-121.8245924
cant defend record new ideas cant afford years, 2014-08-24 11:02:04,172472073,37.3139903,-121.9524294
brother listening panic disco shower, 2014-08-24 11:02:39,12128462,37.32622076,-122.0069663
completely ruined day, 2014-08-24 11:02:57,888364116,37.32938396,-121.8908484
uniqlo using important lesson steve jobs take world via, 2014-08-24 11:03:32,1002702498,37.2242882,-121.8866406
apps love locavore fooducate soleil organics favorite food apps, 2014-08-24 11:03:52,426270514,37.27424432,-121.84867
walk school weather feels good thats way gusta gt gt, 2014-08-24 11:04:31,28608706,37.3113368,-121.9087696
smartphone could read mind kimera working, 2014-08-24 11:04:37,269937984,37.30397005,-121.8998614
contact us mention acc grab fast, 2014-08-24 11:08:31,296033369,37.34521039,-121.891795
wish could start fresh, 2014-08-24 11:09:35,1468779006,37.3139174,-121.8084949
feels like im crazy competition past, 2014-08-24 11:09:55,26494851,37.31002993,-121.8772181
play dark summoner together player id google play app store, 2014-08-24 11:10:06,199877699,37.22233447,-122.0007848
wish could go back five years would everything differently, 2014-08-24 11:10:09,362523555,36.3838,-120.9563
feel like everyone knows obama going win year, 2014-08-24 11:10:08,54474466,37.25396612,-121.8822094
people joke breast cancer cancer funny, 2014-08-24 11:12:06,794565326,37.32895184,-121.8291153
cant help, 2014-08-24 11:13:27,2257898534,37.225662,-121.786983
going ride sister amp brother law, 2014-08-24 11:14:01,1574577804,36.6758627,-121.6604538
beer fear juke box get, 2014-08-24 11:14:33,1526164801,37.231989,-121.7946625
born stunna baby stunning niggas want find em funny, 2014-08-24 11:15:37,337984225,37.29850934,-121.9632478
ion know im love witcho accent, 2014-08-24 11:17:29,54463831,37.34240127,-121.9263003
funny interscope quite successful ever signed mindless behavior ashamed, 2014-08-24 11:18:16,144540333,37.3108721,-121.9122105
leave alone, 2014-08-24 11:18:40,22876911,37.3550765,-121.833827
gardner high school students homecoming dance one day away sure make music requests, 2014-08-24 11:19:22,103983157,37.27736386,-121.7617649
hand knitted nepal sweaters sale reg sale long sweaters reg sale, 2014-08-24 11:20:26,1361141876,39.23579721,-120.0759927
minute yes im counting cant wait see beautiful, 2014-08-24 11:24:14,1363176446,37.32098448,-122.0310096
workout dinner putting together masterful page paper, 2014-08-24 11:24:33,1363176446,37.32099253,-122.0310304
dont mind im dying, 2014-08-24 11:24:31,15871680,37.36542533,-121.8378625
last time checked bathrooms nescecites taking god damn pictures, 2014-08-24 11:25:43,14400532,37.3019607,-122.2673536
live impact wrestling recap, 2014-08-24 11:28:08,325627831,37.24165234,-121.8106251
dont need yall little kid bullshit stfu dont bothered fuckin presence thats block button, 2014-08-24 11:27:56,21411165,37.28625066,-121.9380392
everybody want date someone always keep real hold, 2014-08-24 11:29:51,14400532,37.3019558,-122.2673536
goin hard viagra tryna sign, 2014-08-24 11:31:00,12264492,37.35930736,-122.0514135
either way im going giving best full body test xd, 2014-08-24 11:31:10,23901596,37.3157997,-121.8280132
video story irish famine memorial battery park city new york, 2014-08-24 11:33:27,269937984,37.30375065,-121.8998904
wells amp kamikazes pm overtime bar grill, 2014-08-24 11:34:27,598686645,37.24113162,-121.8050376
cant forget im drowning memories, 2014-08-24 11:34:04,12264492,37.35922483,-122.0514754
nelly tour bus raid turns heroin loaded gun, 2014-08-24 11:34:56,1363176446,37.32098307,-122.0310356
buy strawberry limeade sonice know real, 2014-08-24 11:35:44,1363176446,37.3209919,-122.0310232
wonderful, 2014-08-24 11:47:53,185448870,36.98617652,-122.0110417
action shot, 2014-08-24 11:49:46,2322772028,37.34385502,-122.1188097
got yuh baby im finna text yuh right, 2014-08-24 11:57:27,1363176446,37.32078945,-122.0310549
twitter weak cant write alot shit, 2014-08-24 11:57:34,1363176446,37.32086518,-122.0310029
shit really gon na epic something remember dont plan able remember, 2014-08-24 11:59:52,1363176446,37.32098056,-122.0310178
dinner date cuties, 2014-08-24 11:59:39,2468529067,37.35126282,-121.8028154
liked video kaylee fashion model first love, 2014-08-24 12:02:44,998285665,37.13372092,-121.6257694
jus hope everybody job dat work together team also dat lack confidence, 2014-08-24 12:02:53,598686645,37.23724115,-121.8039169
oclock wednesday know youre home, 2014-08-24 12:09:15,111148655,38.72944446,-120.7951725
usher numb, 2014-08-24 12:13:44,2151215012,37.3157418,-121.9543583
introspective pug spoiler alert answer, 2014-08-24 12:17:02,1490855678,37.34878513,-121.8164874
listened mom attempt explain football grandma even im confused, 2014-08-24 12:31:24,438838360,37.2853668,-121.9245214
ouchita, 2014-08-24 12:33:30,104681322,37.32869777,-121.8575591
fans giving away free game controller skins stickers phone skins drop booth, 2014-08-24 12:41:41,2686584102,37.3379816,-121.877957
real life fantasy, 2014-08-24 12:46:52,28526735,37.06497988,-122.004526
got excited watch premiere realised canada sucks wait extra hour, 2014-08-24 12:47:50,183864664,36.59296143,-121.8738316
latenight show oct baltimore md guilford ave pm, 2014-08-24 12:49:26,2686584102,37.3347492,-121.8766065
registration begins permian basin international oil show, 2014-08-24 12:50:57,737911014,39.01191162,-120.9743906
someone go chipotle please, 2014-08-24 12:55:07,26909778,37.01129872,-122.0332911
phil wickham royal royal tomorrow night pm door, 2014-08-24 13:00:41,455260911,37.13329753,-121.681217
boutta get cray min, 2014-08-24 13:04:07,249496407,37.2570803,-121.8288143
imma check bri, 2014-08-24 13:01:17,208839036,36.76388495,-119.7508472
official im drinking every night feel good next day, 2014-08-24 13:07:49,276883922,36.7326586,-119.7931623
sisters slave cause cant move two hours lt lt, 2014-08-24 13:14:17,104937383,37.34917372,-122.0480241
fully grown ostrich one advanced immune systems known mankind, 2014-08-24 13:18:51,5501972,39.33629622,-120.1468643
pardon insane purpose filled tweets next minutes tweetchat back regularly scheduled program, 2014-08-24 13:19:36,2593355252,37.33492729,-121.9074916
mean needs boys sugar, 2014-08-24 13:21:35,1363176446,37.32102615,-122.0310814
bout go cook, 2014-08-24 13:24:30,946981519,37.25457032,-121.8158778
didnt pick best house, 2014-08-24 13:33:54,57573091,39.167687,-123.217462
greatest test courage earth bear defeat without losing heart ingersoll, 2014-08-24 13:40:37,1592765539,37.26055697,-121.7995224
talk quick min still lol, 2014-08-24 13:41:48,11946622,37.32275199,-121.9220134
woman fed aint nothing man, 2014-08-24 13:44:12,140993495,37.32142844,-122.0317067
whenever call baby roll, 2014-08-24 13:57:06,24791736,39.76071894,-121.8485532
alien ant farm slipknot blue october daft punk mountain police rolling stones marilyn monroe ok go rage machine, 2014-08-24 14:03:43,2369888654,37.3272854,-122.0501756
forget mcdonalds want chinese, 2014-08-24 14:03:14,160330475,37.34136587,-122.0400808
holy crap taking forever, 2014-08-24 14:05:29,32155129,36.94330512,-120.8566244
second issue comes tomorrow dont forget pick copy jumaah, 2014-08-24 14:08:01,194361266,37.2489846,-121.9068653
wish cat liked going walks, 2014-08-24 14:09:17,14336816,37.23309787,-121.960335
talking, 2014-08-24 14:08:28,147344543,37.361888,-121.906769
every time talk new girl think might date therefor get cute early starting friends build, 2014-08-24 14:10:33,416766833,37.3299761,-121.9058081
nothing says merica like eating cheeseburger hard rock spain, 2014-08-24 14:11:03,238765789,37.31969163,-121.9724222
watsaap itz application cn send yhu link, 2014-08-24 14:12:06,147344543,37.36189677,-121.9067631
omfg man came house asking money cause daughter really sick didnt food, 2014-08-24 14:13:27,564026632,36.96564362,-122.0193686
kids dont stand chance, 2014-08-24 14:15:46,48266765,36.81015909,-119.7518759
one user unfollowed today checked via autotweet, 2014-08-24 14:17:17,500501458,37.3610274,-121.9085572
time, 2014-08-24 14:17:20,1305529488,37.3025216,-121.965825
amp couss shid behind wall holding downn real niggas, 2014-08-24 14:20:23,263518149,37.33083377,-121.9094231
really gets mufuckas talk mama, 2014-08-24 14:21:43,29924741,36.7558014,-119.8007129
dressdown fri tired good morning, 2014-08-24 14:23:22,25939259,37.3416032,-120.5906142
mama going mind day tomorrow lt, 2014-08-24 14:26:34,300064479,38.9306488,-119.987804
sure fit pet throw, 2014-08-24 14:26:36,2432452728,37.33406375,-121.8853736
wonder lul brother, 2014-08-24 14:26:32,641483,36.59379069,-121.8799563
try hard long right, 2014-08-24 14:30:29,55677008,37.3225196,-121.8318008
irons football team took oakridges believe chant gave look, 2014-08-24 14:33:49,394997266,37.23495858,-121.8524542
rt th tweet coming wants, 2014-08-24 14:35:03,35806141,37.23961456,-121.9486934
thanks girl cute avi, 2014-08-24 14:40:29,358849234,37.3265589,-121.868524
hope get today smoothly still picking pieces, 2014-08-24 14:41:25,3462261,37.35259652,-122.0102799
lol yeah noticed thanks appreciate lol problem, 2014-08-24 14:41:05,414059980,39.0056112,-120.9934323
rt factor vice presidential debate solid thurs night, 2014-08-24 14:42:15,53411858,37.37257565,-121.8806902
liked video cod black ops better like, 2014-08-24 14:43:03,108215540,37.32283484,-122.0069686
ion like see motorcycles get mad, 2014-08-24 14:44:21,1271457198,37.36185323,-121.9500791
makes physically ill hiding closet come back good, 2014-08-24 14:49:14,132399660,37.49558654,-120.8370661
play pussy amp get fuck, 2014-08-24 14:51:05,1973546978,39.1879723,-121.5217803
always get upset stupidest things remember atleast mommy got better atleast still, 2014-08-24 14:51:36,14523087,37.26008487,-121.9618056
wanting kick start career world tips get going, 2014-08-24 14:52:31,300064479,38.9304444,-119.9874839
new release secret spicy jalapeno charlie courtland prov series, 2014-08-24 14:52:23,453653656,36.69539059,-119.5680072
make graduate jobs internships fair monday researching employers, 2014-08-24 14:54:39,587882131,36.8384023,-121.3740665
jeep weather, 2014-08-24 14:56:30,1008283386,37.33240301,-121.7780836
cant wait bae get, 2014-08-24 14:57:00,595259586,37.33036456,-121.8882079
actually negative degrees right, 2014-08-24 14:56:56,199325026,37.33756184,-121.9569835
tampa fl temp humidity wind nne mph barometer inches dewpoint thu oct gmt, 2014-08-24 14:57:54,417570140,36.7107827,-119.7141347
favorite week earned surveys week far look gt gt, 2014-08-24 14:57:33,257117047,38.67621968,-120.9904472
rd ex fiance apparently cant remember order exs fiances life great, 2014-08-24 14:59:32,523349706,36.88118116,-119.7695124
idgaf aint grown ass manwoman live parents money dont pay bills responsibilities, 2014-08-24 14:59:08,2432452728,37.33413479,-121.8854442
physics students mol retweet correct answer velocity positive acceleration negative moving object, 2014-08-24 15:02:10,46998621,37.33090976,-121.8788027
im fucking, 2014-08-24 15:03:59,1012427112,37.23467625,-121.7562674
im watching fx movies others checked, 2014-08-24 15:04:29,595132415,37.12399811,-121.687655
amp talk style evolution since first days, 2014-08-24 15:04:27,202218452,37.32111063,-122.0196784
bet like half yall socks got right dont match, 2014-08-24 15:05:36,24177855,37.2959045,-121.9245641
yo bday month rt, 2014-08-24 15:06:13,1414513898,37.2864594,-121.9513178
fresh feeling head looking nice bro, 2014-08-24 15:06:44,580208016,37.2540562,-121.8414351
ready vampire diaries ive missed damon, 2014-08-24 15:06:29,128642331,37.28339117,-121.9893876
knew trouble gt gt gt, 2014-08-24 15:07:43,32331849,37.31849038,-121.8824677
ank nobodyy fuckin cliquee, 2014-08-24 15:07:22,1315465045,37.26374708,-121.9449398
time thursday, 2014-08-24 15:14:42,66934681,38.9489637,-119.9556568
penalty leadership, 2014-08-24 15:14:34,16089737,37.3292688,-122.0048793
android phone decent camera instagram signup, 2014-08-24 15:19:27,104689093,37.23140177,-121.9529436
kept telling dallas living peacefully hell come visit soon reality bootcamp, 2014-08-24 15:18:56,322421525,36.994996,-121.567737
hes like turtle hard outside soft inside lmao, 2014-08-24 15:20:14,144975339,39.02238612,-123.6869486
seeing doorstep best feeling world, 2014-08-24 15:21:06,132399660,37.4961068,-120.8374426
lol yall must much kommon rt hate petty ass nigga like, 2014-08-24 15:25:22,169383768,37.31241656,-121.8910511
rt posted wordpress october, 2014-08-24 15:27:16,1037862896,37.264923,-121.8581316
made app, 2014-08-24 15:28:06,49220746,37.0566033,-121.5497012
freemind ft tkeezin relly rel birdy bird cray mac thinkin video, 2014-08-24 15:30:06,218269288,37.26531345,-121.9905913
like going school, 2014-08-24 15:30:00,56491596,36.55588039,-121.9246647
likes keep relationship dl media wont harass us isnt right, 2014-08-24 15:30:28,218269288,37.26540774,-121.9905519
scar tissue wish saw, 2014-08-24 15:30:53,1557304370,37.34129812,-122.0520821
articles wake jews, 2014-08-24 15:32:52,631682899,36.67570062,-121.7797639
couldnt ask better brother, 2014-08-24 15:33:36,529783064,37.35321127,-121.9595284
wizards looking good cant wait till nov rd celtics go, 2014-08-24 15:34:47,8394602,38.9502198,-119.9493393
episode portland retro gaming expo live panel agg panel prge, 2014-08-24 15:34:43,434737897,39.72402886,-121.8409546
north montgomery better another day devoted wearing ugly christmas sweaters, 2014-08-24 15:36:03,18257438,39.2395037,-120.0527172
wizards run high water mark season, 2014-08-24 15:36:50,552416056,37.33955094,-121.8631263
okay need minute pls, 2014-08-24 15:39:11,760493660,37.3277605,-121.8852841
meet halfway, 2014-08-24 15:40:06,276883922,37.6398292,-121.0018885
th tweet goes lookin fly, 2014-08-24 15:42:01,448269783,37.33351284,-121.8796033
im going blind swear, 2014-08-24 15:41:39,151169423,37.3203494,-121.9494716
dont laugh kages append name ireng cool ok mainstream, 2014-08-24 15:42:41,423842965,37.22354719,-121.8592349
go turn car turn key wrong way, 2014-08-24 15:45:44,1363176446,37.32095447,-122.0311126
heard nothing said nothing wanted words heard nothing got nothing, 2014-08-24 15:46:03,2283174296,37.3167512,-121.8551425
things cold winter, 2014-08-24 15:47:00,2283174296,37.3167512,-121.8551425
latest october president fire, 2014-08-24 15:48:46,391158765,37.27217876,-122.0172833
dont care bout ya life hell aint shit, 2014-08-24 15:50:43,2347692980,37.3049582,-121.9537907
hi ready chat, 2014-08-24 15:50:35,185975395,37.25964472,-121.9204685
really dont need put twitter smh, 2014-08-24 15:51:10,1942555116,39.2187432,-122.0222918
posted photo, 2014-08-24 15:53:07,1950732566,37.13243818,-122.0026448
flash giveaway ending soon, 2014-08-24 15:55:19,107342664,37.28350157,-121.9361901
pass members continuing merchandise sale remaining three weekends see weekend, 2014-08-24 15:55:37,285411573,37.31360601,-121.7703709
prefer certain brand sunglasses, 2014-08-24 15:55:38,41636461,37.34113304,-121.9832102
maria de villota recalls crash terror sun sportmotorsport, 2014-08-24 15:56:45,184635363,36.58175855,-121.9510974
tired, 2014-08-24 15:57:04,24842055,36.96609673,-121.7687484
human beings almost infinite capacity taking things granted aldous huxley, 2014-08-24 15:57:47,520165818,37.2293863,-121.7833203
looked mirror today dont never thing mirr, 2014-08-24 15:58:33,1853379145,37.2888458,-121.8202349
friday round, 2014-08-24 15:59:25,2484688399,37.3008995,-122.0187233
friend would answer phone, 2014-08-24 15:59:15,36571940,37.35346366,-122.0084992
really hope run tomorrow, 2014-08-24 15:59:51,1027141321,37.1549765,-122.131041
im watching red dwarf others checked, 2014-08-24 16:00:11,362523555,39.7582,-122.0537
great credit score, 2014-08-24 16:02:45,17870087,37.3129766,-121.9225679
compliance manager manila city metro manila millions lives today, 2014-08-24 16:02:56,177798636,36.65326013,-121.797307
shelter storm, 2014-08-24 16:03:51,746158537,38.36525941,-120.7902945
study thou, 2014-08-24 16:03:51,2185966879,37.32335876,-122.0398306
gt homw frm eventful day nw time slpnytie, 2014-08-24 16:03:53,1869506510,37.24087155,-121.9807122
ready hr class, 2014-08-24 16:05:33,874506932,37.33748771,-121.7823335
deejay confused aint know born either, 2014-08-24 16:05:42,17870087,37.3129766,-121.9225679
time come, 2014-08-24 16:07:49,132399660,37.49619749,-120.8374226
mom got check mail idea, 2014-08-24 16:09:45,970441957,37.29971014,-121.9427388
waited day watch game even smh lt nba tv would blacked sixers play smh, 2014-08-24 16:11:13,23558652,37.36659607,-121.8387109
idea perfect fashion irritating soulless, 2014-08-24 16:12:01,47050565,37.33336826,-121.8740046
amp unique thirsty wi fi ctfu, 2014-08-24 16:13:19,274332386,37.33515404,-121.877455
tomorrow baby, 2014-08-24 16:14:24,2285611844,37.2644442,-121.7962493
god super hero god saviour, 2014-08-24 16:15:10,2387855124,37.2778527,-121.8491436
best week earned surveys week look gt gt, 2014-08-24 16:16:17,18778705,37.66585753,-120.9403849
years playoffs excited lets go orioles, 2014-08-24 16:19:02,622345635,37.25118667,-121.7868833
without little voice head wouldnt able read, 2014-08-24 16:19:33,12838512,37.3701079,-122.0808862
still come, 2014-08-24 16:19:26,177798636,36.65335517,-121.7972416
lenticularjs tilt controlled images vps gt, 2014-08-24 16:19:31,31271257,37.35786621,-121.989246
white girls lt, 2014-08-24 16:20:24,160330475,37.3413921,-122.0399958
niece cheering nshit, 2014-08-24 16:20:46,511306071,36.53671721,-121.7981785
washing drying straightening hair task, 2014-08-24 16:21:42,1315775852,37.25307407,-121.8278017
oscar hits brace chelsea players shine thursday wagnh, 2014-08-24 16:21:50,2285611844,37.2644218,-121.796287
time vampire diaries premiere diaries, 2014-08-24 16:21:23,1118687910,37.29027917,-121.8785593
love straight hair much biggest struggle life, 2014-08-24 16:22:20,44781354,37.3652002,-121.9245808
cant good hoe theres bad ones world lmfaooo good hoe, 2014-08-24 16:22:30,630390190,37.29955,-121.7772618
whimp rt even trynna ricky get booty hurt fast, 2014-08-24 16:24:41,145447106,37.27692913,-121.8394784
bryant continued shouldnt nba cheap pay point guard let walk, 2014-08-24 16:25:41,42561790,37.35409046,-122.0265641
iphone gb white amp cash, 2014-08-24 16:26:28,373635536,37.2025858,-121.8320928
best seat house orchestra, 2014-08-24 16:27:31,373635536,37.20258581,-121.8320928
maude waiting wings mitchell faces police showdown independent, 2014-08-24 16:27:17,385215747,39.08158236,-120.1320527
previously vampire diaries, 2014-08-24 16:28:15,272783056,36.8986055,-119.7548338
hate studying, 2014-08-24 16:28:50,16597476,36.36036036,-119.6347262
new post candida blog vitamins help regulate immune function gut, 2014-08-24 16:29:20,111629530,37.09251293,-121.6540874
obama campaign ofadebateresponse follow along live fact check vp debate tonight starting, 2014-08-24 16:29:37,2436115542,39.23493606,-120.0207293
yo make hot girl open door building watch expression, 2014-08-24 16:30:44,71395144,38.92737327,-119.9892603
join expand engage evaluate social networks via, 2014-08-24 16:30:48,1517071164,37.3489693,-121.9199875
worst part strong one ever asks youre okay, 2014-08-24 16:30:35,18826194,37.33609543,-121.864216
chose thug life thug life didnt accept, 2014-08-24 16:31:16,1031539136,37.36217693,-121.9577769
sisters sing along radio lt, 2014-08-24 16:31:10,471779697,37.3318524,-121.823099
fuck rumors let dick make statement, 2014-08-24 16:31:00,26909778,37.01129872,-122.0332911
tragic hollywood news young star, 2014-08-24 16:32:03,1389829296,36.30614963,-119.1523834
listening kanye lot lately, 2014-08-24 16:31:55,774520279,39.11628078,-121.3986598
easy come, 2014-08-24 16:31:57,2439388806,37.32494287,-121.7971577
word applies think good word applies stupid times two, 2014-08-24 16:33:37,65441463,37.36941203,-121.9946707
authority reason evident thought could never occur prince andrew seemed natural namely, 2014-08-24 16:34:31,31285700,36.6823797,-121.6008931
lady speaking tongues lord tonight please, 2014-08-24 16:34:52,2302518614,37.34052267,-121.9336389
work time baby, 2014-08-24 16:35:11,243499984,36.9826276,-121.5811418
first time ive taken medicine awhile though, 2014-08-24 16:35:43,1363176446,37.32101005,-122.0310899
back, 2014-08-24 16:36:21,331904772,38.69305746,-120.8434169
finally, 2014-08-24 16:37:55,416441721,37.24351014,-121.9558675
eyes give, 2014-08-24 16:40:26,26909778,37.01129872,-122.0332911
amp nd, 2014-08-24 16:41:12,118190155,37.3229913,-121.975667
want go soccer game bad, 2014-08-24 16:41:59,416441721,37.2435063,-121.9557963
mark calendar choreographers collaboration projects standing room sat oct athenaeum, 2014-08-24 16:42:18,503796643,37.2911231,-121.941313
niggas like finish line ont wait run, 2014-08-24 16:43:17,41803671,37.00853091,-121.5933914
think responded everyone twitter text facebook etc thank birthday wishes really really appreciate, 2014-08-24 16:44:13,416441721,37.24351492,-121.9558453
thanks shelving costco least got shit ton butt wipes giving samples, 2014-08-24 16:44:13,132062287,39.30578677,-123.7964539
wheres thunder buddy, 2014-08-24 16:45:11,41750995,37.35088856,-122.0339575
come downstairs smelling like fly blown rotting carcass diseased yak, 2014-08-24 16:46:02,315103727,37.74175705,-120.9080045
preview amp download nerdz jams itunes page, 2014-08-24 16:47:09,158548490,37.34284039,-121.8936526
odyssey trans rober selling cc, 2014-08-24 16:47:03,1724079230,37.25862429,-121.8060983
good school amp wrk, 2014-08-24 16:47:47,30019950,37.29194945,-121.8788242
everyone watching nieces twitcam, 2014-08-24 16:48:15,16046987,37.71572914,-119.6770227
cheesecake factory wit fam, 2014-08-24 16:49:20,54463831,37.32282922,-121.7610604
fashion show gt gt, 2014-08-24 16:49:50,10267352,38.06086883,-120.1997581
im sorry im bad im sorry youre blue im sorry things said know cant take back, 2014-08-24 16:51:26,62933437,37.35660239,-121.8979203
def leppard rocket, 2014-08-24 16:51:13,65447128,37.2719528,-121.8298326
havin fat brother, 2014-08-24 16:52:18,108461360,36.5244939,-119.5555006
dont bother, 2014-08-24 16:53:49,62933437,37.35661224,-121.8979203
house night scary af, 2014-08-24 16:56:38,14364184,37.29756927,-121.8680877
almost, 2014-08-24 16:56:44,317993676,37.27573228,-121.8128196
really need get mymind stuff, 2014-08-24 16:58:46,2326681,36.96115158,-122.0511618
say ok dont show, 2014-08-24 17:00:11,298309568,37.23910533,-121.7807402
scratch idc lol, 2014-08-24 17:00:36,1170746527,36.96995045,-122.0202767
need get closer family thats really end day, 2014-08-24 17:01:37,1170746527,36.96994435,-122.0201621
finally following, 2014-08-24 17:03:49,352167555,37.2771651,-121.9305129
going continue mean stuck, 2014-08-24 17:06:32,132399660,37.49595027,-120.837412
hate people try smart ass, 2014-08-24 17:07:12,243499984,36.98268681,-121.5809832
graphics buddies getting free mellow mushroom, 2014-08-24 17:07:20,25645994,37.31268894,-121.9253915
misspurrrfect daddy plx come home, 2014-08-24 17:07:25,1411234818,37.28288796,-121.9345001
fund degenerative myelopathy research, 2014-08-24 17:07:15,1126465602,37.3548442,-121.8319635
laugh morning charismatic entertaining rookie year speech, 2014-08-24 17:07:03,2610352064,37.6788955,-121.0386861
iwonder chris brown ever get married wat gone tell hys wife tht tat neck, 2014-08-24 17:07:39,82249390,37.36120966,-121.8307426
insulted would got passed date pass facebook, 2014-08-24 17:08:47,321548498,36.68868205,-121.6068919
neva made statement neva stand, 2014-08-24 17:09:06,1591567452,36.68002643,-121.6386148
fans going game tomorrow wear black, 2014-08-24 17:09:16,2610352064,37.6789055,-121.0386663
anyone else excited vp debate tonight, 2014-08-24 17:09:05,321548498,36.68867765,-121.606888
straight outta compton rt niggaz attitude, 2014-08-24 17:09:27,7675352,37.3759401,-120.7170745
never give something really want remember difficult wait difficult regret, 2014-08-24 17:09:33,22301667,36.6155233,-121.8252462
unlocked fx movies easy sticker, 2014-08-24 17:09:48,1964139817,37.2932975,-121.9803999
im seriously excited see amp group, 2014-08-24 17:10:47,535748314,37.3535382,-121.8864369
iant never seen manu selfish ppl thats crazy, 2014-08-24 17:11:08,239508572,36.65498936,-121.8009704
leadership skill art, 2014-08-24 17:14:53,132399660,37.49615101,-120.8372899
im ice cream supper pm, 2014-08-24 17:15:58,157944376,37.34430921,-121.8800281
hair getting long guys, 2014-08-24 17:16:25,17669153,37.2658125,-121.934676
ignorant comments make want squeeze head implodes dont want go jail, 2014-08-24 17:17:05,488072845,37.3251754,-121.9435237
check lists see great stars upcoming events, 2014-08-24 17:17:29,55370503,37.2968864,-121.9479477
mess never prosper ever lt, 2014-08-24 17:23:48,327032807,37.34166623,-121.8857105
think growing faster, 2014-08-24 17:27:39,500501458,37.36094451,-121.9085025
desperate maybe, 2014-08-24 17:27:58,74510308,37.209809,-121.8462182
mitt romney ahead polls could get used, 2014-08-24 17:28:20,147344543,37.3618699,-121.9068532
one love one heart, 2014-08-24 17:31:12,88211112,37.33327659,-121.8749707
probably goofiest funniest loving caring guy ever meet, 2014-08-24 17:32:37,491215467,36.97299487,-122.0507293
like white girls black girls, 2014-08-24 17:33:49,328194422,36.293184,-119.3362437
guy gets going, 2014-08-24 17:34:14,1362895028,37.23321001,-121.9022103
good morning kiss, 2014-08-24 17:35:56,466094937,37.27307341,-121.9342396
come experience latin culture dance night away, 2014-08-24 17:37:25,102719975,37.3001312,-122.0185373
woohoo finally, 2014-08-24 17:37:34,76860714,37.32972917,-121.880879
josh ho sang scored first goal awesome backhand, 2014-08-24 17:37:33,424042722,38.67665206,-120.9983347
chasing bus good exercise day deserves frowning, 2014-08-24 17:39:46,24294893,38.9966121,-120.9924254
vampire diaries, 2014-08-24 17:45:08,157065548,37.3471971,-121.9326225
go starting, 2014-08-24 17:45:31,188631595,36.86701521,-119.754682
throwin back, 2014-08-24 17:47:13,162546697,37.70302368,-121.0257796
followers two days ago got suck dick people unfollowed lol, 2014-08-24 17:52:07,140731497,37.35880733,-122.0193999
dont like tweets kiss ass mistletoe, 2014-08-24 17:52:49,1358304134,37.35168257,-121.9719998
one funniest people know, 2014-08-24 17:53:51,14400532,37.3019445,-122.2673383
punched girl jaw game accident, 2014-08-24 17:54:13,34639107,37.35097143,-121.9095471
new music young jeezy get right young jeezy ready feed streets snowman steadily, 2014-08-24 17:54:52,14581737,37.34463911,-121.9816694
please dont judge wont judge, 2014-08-24 17:57:15,457319633,37.30070936,-121.9528105
novela time mami, 2014-08-24 17:57:17,2572973289,37.25228306,-121.863269
fancy bit magic make event little bit, 2014-08-24 17:58:47,97992033,37.1812005,-121.9929326
next year im getting whole upper back tatted, 2014-08-24 18:00:06,892363214,39.7225399,-121.8511297
cut hair today back thou, 2014-08-24 18:01:16,1586652276,37.12773317,-121.6285627
screw fallin rt aint shit, 2014-08-24 18:01:34,531450625,37.34918243,-122.0151623
think shit, 2014-08-24 18:03:00,1363176446,37.32130259,-122.0312114
ugly know fault, 2014-08-24 18:05:11,277618799,37.35061243,-122.0581269
money dance, 2014-08-24 18:05:10,846779467,37.32815442,-121.9248093
guy winked told call target yeah, 2014-08-24 18:05:34,1664016834,37.3281838,-121.8208413
man elevator smelled delicious, 2014-08-24 18:06:11,236472696,37.34461753,-122.0532699
stop damn clingy, 2014-08-24 18:07:12,1220029104,36.7292672,-121.6536861
bye bc live tweeting, 2014-08-24 18:07:32,1279642644,37.2669942,-121.8422457
dont dwell niggas fuck thank making woman, 2014-08-24 18:07:46,37636664,37.32099692,-121.9986125
watching tonight join live chat freedom connector, 2014-08-24 18:08:31,634064749,39.19599486,-120.2381269
boy boy thought ya boy goin minute, 2014-08-24 18:09:46,871201958,37.26795249,-121.9148034
yikes one hour consequential vice presidential debate history, 2014-08-24 18:15:24,1363176446,37.32110558,-122.0311726
lol looks like could use footrest, 2014-08-24 18:17:33,90808763,37.3194377,-121.9656027
get sneak peek sunday coupons head buy newspaper sunday check sunday, 2014-08-24 18:18:24,334899502,38.5415869,-120.7923462
enjoy big booty lesbian lol, 2014-08-24 18:18:48,1862572453,36.61687936,-119.5232692
weekend song like high, 2014-08-24 18:20:25,294939870,37.25284302,-121.8390276
promise long trying staying, 2014-08-24 18:20:51,1406630790,37.2522057,-121.8154027
imm lovinn thisss chris brown please dont judge, 2014-08-24 18:22:22,148600202,39.73534764,-121.8551241
idk shopping ballet constipated lol, 2014-08-24 18:25:47,442257834,36.97348022,-121.9957197
cooling aint goin steady, 2014-08-24 18:26:47,1355559241,37.3412279,-121.8868667
jealous sia people go, 2014-08-24 18:28:26,18445247,36.95033333,-122.0455
progress report cards death, 2014-08-24 18:28:43,62933437,37.35658097,-121.8978436
lss know im fool hell, 2014-08-24 18:29:09,978254756,37.33640789,-121.8872595
trouble, 2014-08-24 18:34:25,1621511887,36.6099145,-121.8291712
ill take yo bitch smoke hella trees, 2014-08-24 18:35:34,1424683542,37.36643208,-121.8230509
congrats jay ar chance win new amazing iphone among friends wants, 2014-08-24 18:36:58,191561320,37.3440471,-121.9791635
omw home missing show, 2014-08-24 18:40:16,300976715,39.16197659,-121.6271197
via hear slang terms talk kids asap, 2014-08-24 18:42:01,526015573,39.7262214,-121.8344223
proud lil cousin actually trying field, 2014-08-24 18:42:04,13837502,37.2950904,-121.8879032
quit cheese dicking around valley forge ruined, 2014-08-24 18:42:38,2163449808,37.32229211,-121.8948492
dad really needs get home im hungry, 2014-08-24 18:42:32,1414105178,36.82467479,-121.3775235
us court shuts apple injunction samsung galaxy nexus, 2014-08-24 18:43:06,1302202711,37.49801905,-120.8348981
fan, 2014-08-24 18:43:46,132399660,37.49621913,-120.8370797
call gangnam, 2014-08-24 18:43:44,2577650490,37.30378475,-121.8282045
twitter boring fuck lately, 2014-08-24 18:44:17,1387711046,37.30051333,-121.878905
jazir sweet boy love nephew, 2014-08-24 18:45:19,1054120658,39.15358658,-121.6296055
ie run flash unless site microsoft whitelist, 2014-08-24 18:46:05,919838102,37.34914185,-121.8918309
im pretty much done day, 2014-08-24 18:49:30,2350593608,37.28601494,-121.9593204
bouta start selling coupons basketball want one, 2014-08-24 18:56:11,175520165,37.28084767,-121.8899108
highway still hot spot collisions despite road improvements fog recent rain santa cruz, 2014-08-24 18:59:21,235870621,37.31124339,-121.9252424
unbelievable fast people change one day mean everything next day dont exist anymore, 2014-08-24 19:08:50,2211495674,37.3687612,-121.8849803
lone frisky dolphin puzzles scientists stinky dolphin lonely hes getting way frisky human, 2014-08-24 19:10:36,98497369,37.33082699,-121.8833705
um fuck facebook cause everybody else seems log profile, 2014-08-24 19:12:34,466094937,37.26855414,-121.9373149
niggas text late night talking bout send pic im like alright, 2014-08-24 19:14:56,1363176446,37.32104275,-122.0311328
hav sex times day normal, 2014-08-24 19:20:45,2424643278,37.23302679,-121.8324087
fat hoes twitter calling barbies bitch aint damn barbie, 2014-08-24 19:25:33,1720312123,37.35061612,-121.8029789
loved maroon accoustic, 2014-08-24 19:25:48,258602531,37.11241611,-121.6434949
im watching last resort others checked, 2014-08-24 19:26:30,1711016252,37.3164655,-121.9085468
funniest tweets westbrook joining jordan, 2014-08-24 19:33:32,40079606,36.86172049,-119.7927157
might go sleep early im hungry, 2014-08-24 19:34:56,421498419,37.24790721,-121.9524437
good luck amp crew tonight perkins love room, 2014-08-24 19:36:27,1881414572,37.08300357,-121.9722383
damn gon na endless afternoon, 2014-08-24 19:37:48,612855722,37.32199398,-121.8761534
want guy bestfriend wont develope feelings amp could kick amp goood ass time time, 2014-08-24 19:38:26,374670902,37.37094227,-121.8069272
new music young jeezy get right young jeezy ready feed streets snowman steadily, 2014-08-24 19:39:28,1094101693,37.32618627,-121.9362846
dont mean mean, 2014-08-24 19:41:25,16014838,37.30430527,-122.0556423
dont follow crowd, 2014-08-24 19:43:20,14400532,37.301922,-122.2672998
yes cool ones need meet new people make new friends, 2014-08-24 19:43:22,1408334988,37.3447771,-121.8800354
homecoming tomorrow, 2014-08-24 19:50:01,783382424,37.3055686,-121.9262614
someone tells im lucky car go anywhere think rethink havent car since june, 2014-08-24 19:56:26,27815326,37.35443763,-121.8819713
shell ride like ferrari, 2014-08-24 20:00:06,2423317422,36.85389934,-119.7730338
even know futura yeah like im futura ohhh dad, 2014-08-24 20:00:00,40079606,36.8616644,-119.7925914
rt oomf irking fuck outta, 2014-08-24 20:00:43,40783277,36.7062065,-121.6581259
dragon eco bridge taranta creations, 2014-08-24 20:02:24,484519091,36.96801309,-122.0262611
finally back wales bed needed smashed tonight still cant believe met looked gorgeous brum tomorrow, 2014-08-24 20:03:26,103983157,37.24833267,-121.8580136
youre faced, 2014-08-24 20:14:13,1414751833,37.2806681,-121.8340148
want cud model dem aint leaven girls time soon, 2014-08-24 20:17:05,11770002,37.3619797,-121.8912038
purchase new dj myzter hurd album thee tranzition king, 2014-08-24 20:19:35,2735318282,37.3135254,-121.8405075
lol good try company offered usain bolt endorsement lifetime supply chicken mcnuggets, 2014-08-24 20:19:54,361182312,37.33539148,-121.8830965
need make new investments, 2014-08-24 20:22:49,42370979,36.83643585,-119.7973643
dessert mini golf optimist others, 2014-08-24 20:26:00,100369793,37.35806063,-122.0056001
damn wtf, 2014-08-24 20:26:19,90808763,37.31948,-121.9655991
seriously wonder im gon na marry, 2014-08-24 20:27:14,361182312,37.33537911,-121.8831733
watch tvd bri, 2014-08-24 20:40:49,51961257,37.32537828,-122.1786557
hey marissa get twitter thanks, 2014-08-24 20:41:31,11770002,37.36217578,-121.8912556
leaf raking party, 2014-08-24 20:45:21,74510308,37.20982168,-121.8460735
homecoming game tonight going circus, 2014-08-24 20:54:22,17645034,37.372,-122.026
find time exercise find time illness earl derby, 2014-08-24 20:58:39,361182312,37.33533182,-121.8831232
didnt really smile today, 2014-08-24 21:04:50,15964373,37.30156216,-122.042203
wrs want play bears chicago sun times place receivers go die muhs, 2014-08-24 21:09:23,265164480,37.32005706,-121.7947178
told hell punch bitch lol, 2014-08-24 21:17:37,184559084,37.35310697,-122.0606369
mumford amp sons starbucks, 2014-08-24 21:49:37,28629969,37.31966772,-121.9713581
skippy zena wont stop crying, 2014-08-24 21:51:18,232974542,37.35458039,-121.8508099
man let stop bullshittin text mother right quick, 2014-08-24 22:00:09,1429640431,37.34466977,-122.0112833
laying bed remembering conversation head imagining shouldve said instead, 2014-08-24 22:03:17,979610539,36.60122171,-121.8904483
babys bed time, 2014-08-24 22:27:03,321530661,37.7940123,-120.9836794
unlocked smells like school spirit badge check ins athletics spots fan alert, 2014-08-24 22:41:48,458664010,39.72525065,-121.8421397
miss hair im going dominicans soon, 2014-08-24 22:49:10,277618799,37.35056985,-122.0581496
getting bed tomorrow going fun blame griffin, 2014-08-24 22:53:06,1463569952,37.9769258,-120.3680783
awesome chocolate, 2014-08-24 23:50:38,605788509,36.5343292,-119.549373
factor really looking forward seeing teens, 2014-08-24 23:53:35,16597476,36.36036036,-119.6347262
want make team, 2014-08-25 00:11:37,116255148,36.31225696,-119.3134285
watching vampire diaries growing pains se, 2014-08-25 00:24:40,1651081844,37.26222616,-121.8237135
call crazy least calling, 2014-08-25 01:16:27,116670961,36.6965705,-121.6159328
burnt hell oatmeal whole damn house smoked, 2014-08-25 01:17:24,132399660,37.52136011,-120.8805686
guys make fake kijji accounts selling justin bieber tickets disrespectful, 2014-08-25 01:43:21,51628732,36.78493074,-119.7261038
need new game, 2014-08-25 01:43:48,62925765,36.59416398,-121.8642335
reason dont judge favorite song thats feel amp video tells story, 2014-08-25 02:01:35,72992772,39.22124069,-121.1906728
roadwork us northbound north pa swedesford rd, 2014-08-25 02:05:03,60779212,37.32543307,-122.0328917
everything learning curve one person knows everything people get passed shit listen learn react, 2014-08-25 02:32:00,272141779,37.1014335,-121.6074287
days youre pinata days youre kid stick, 2014-08-25 02:41:01,15732859,37.3202964,-121.9768085
things seen mall order, 2014-08-25 02:43:09,56437298,36.8134084,-121.4071801
always high, 2014-08-25 03:01:47,14669799,37.37256153,-122.2122164
time, 2014-08-25 03:39:44,217951828,37.31531532,-122.0667433
ive collected gold coins, 2014-08-25 03:49:22,38774240,37.24481236,-121.9046605
online betting boxing pls rt mention, 2014-08-25 03:51:06,19600210,37.33774419,-121.8931151
price meat going save money supermarket delicious cheap cuts meat, 2014-08-25 04:09:59,50027382,37.33499817,-121.8960463
thaa year cass high school first football amp volleyball basketball next, 2014-08-25 04:28:34,215437502,39.55847139,-123.7671409
vampire diaries time lets go, 2014-08-25 05:03:25,392460446,37.27365813,-121.7517099
live many pacific mountain markets talks situation listings, 2014-08-25 05:11:30,14277600,37.37259388,-122.0190995
dont worry class really fun, 2014-08-25 05:13:32,8959562,37.27875122,-122.0070651
theres always bad news goes along good news fan, 2014-08-25 05:16:10,332682630,37.32308457,-122.0228893
im broadcasting live air listen, 2014-08-25 05:22:50,1511705934,37.36294517,-122.02888
images footage getty images, 2014-08-25 05:36:44,112966894,36.71242266,-119.7309428
idc people dont like cause something dont need opionion espically comes dissapointing, 2014-08-25 05:39:10,44661208,37.22536895,-121.9016378
lil wayne always gon na best rapper, 2014-08-25 05:56:57,11769552,37.30139201,-122.0506674
time watch easy feeling little better things, 2014-08-25 05:57:32,11769552,37.30140896,-122.0506513
work dying patient duty privilege surgeons matching patients courage monroe, 2014-08-25 06:18:14,2285611844,37.2476616,-121.8536187
naked amp famous weird guy left hand twill restocked great fades example, 2014-08-25 06:55:57,277618799,37.35067265,-122.0580969
guess im throwing party saturday, 2014-08-25 07:22:04,72293,37.24905939,-121.8592944
unlocked big bang theory raj sticker, 2014-08-25 11:50:09,362523555,37.475666,-119.3649979
ap govt politics make comments vp debate apgopo page receive extra credit, 2014-08-25 13:00:47,27815326,37.35448994,-121.8817107
imma try something different get pointy tip nails, 2014-08-25 13:39:14,243499984,36.9827543,-121.5810445
havin much got times mixed, 2014-08-25 13:41:12,26804291,37.3026173,-121.9837973
seriously getting mad watching trading spouses, 2014-08-25 14:56:49,1075431013,37.3690635,-121.8570306
remember girlfriend broke rd top myspace, 2014-08-25 15:50:12,362523555,37.4763,-119.3563
bragg kush amp ieesha smoking lean lmao, 2014-08-25 16:10:28,1321733390,37.3701535,-121.8375072
dont come new orleans trip already know, 2014-08-25 17:28:36,416441721,37.24346354,-121.9557637
go retweet pictures amp ill retweet ones likee youu, 2014-08-25 17:49:46,1357252880,36.85681555,-120.4551231
vex boss aii, 2014-08-25 18:13:42,2325995436,37.33282517,-121.8828243
mom blast making fun cheesy gt lt, 2014-08-25 18:34:41,55666865,36.59106703,-121.8790328
got ta chill wid brother amp make sure feets, 2014-08-25 19:18:05,30087621,37.74459265,-119.5947083
im watching supernatural others checked, 2014-08-25 20:25:06,362523555,36.9575,-120.2773
come jingoists cynics sadists, 2014-08-25 20:34:08,22698543,37.36987681,-121.9299624
ipod touch th generation unboxing ipod touch th gen unboxing, 2014-08-25 21:08:38,31760327,36.9575,-120.2773
cornfields cornfields, 2014-08-25 22:22:30,390452146,37.64060979,-118.9629319
lol peoples wisdom get seat stand uhh, 2014-08-26 00:03:12,1523423294,37.2881554,-120.4816281
thank vampire diaries returning television, 2014-08-26 00:26:06,57501485,36.9735752,-121.9836927
want lifx, 2014-08-26 01:06:17,42682432,37.31561754,-121.9729205
japanese react fear anger china islands dispute, 2014-08-26 03:42:38,217317554,37.61673546,-120.8710345
dang right leg hurt, 2014-08-26 03:51:00,37861434,37.1214981,-121.8659973
everybidy house trouble today except sigh relief belts flying everywhere lmao, 2014-08-26 03:55:42,614603792,37.0864658,-120.2907109
bow kiss gucci chucks, 2014-08-26 04:55:06,362523555,36.4248352,-120.9453354
tweet count gon na go way next hour, 2014-08-26 05:23:03,132399660,37.49614404,-120.8375435
tundra endeavour history watch tundra tow endeavour last leg final home oct th, 2014-08-26 05:35:09,362523555,37.0438,-119.0288
every day fuckin goosebumps track, 2014-08-26 06:35:48,22836107,37.3168,-122.0054
wan na funk let show wan na funk ana cc, 2014-08-26 06:53:00,14411413,37.3393857,-121.8949555
think oomf get tweets sent phone, 2014-08-26 13:07:02,2575363506,36.778261,-119.4179324
nellys tour bus baggies heroin pounds weed loaded amp homie took wrap sheesh nelly bout life, 2014-08-26 13:42:00,390452146,37.63833311,-118.983118
egypts prosecutor general refuses resign associated press, 2014-08-26 14:29:55,129971771,37.23623625,-121.8289435
advice eliminate stupid stuff true asking colleagues making life easier priceless, 2014-08-26 15:39:03,133196669,37.26021134,-121.7959219
real know feel, 2014-08-26 17:46:17,30087621,37.74459265,-119.5947083
everybody stfu vampire diaries, 2014-08-26 18:45:42,26692880,37.2923446,-120.4512076
wan na chill weekend, 2014-08-26 19:17:36,107816182,36.535,-121.12
really need download music, 2014-08-26 19:20:07,362523555,36.5347,-121.1198
line next week mailed last lecture good one, 2014-08-26 19:20:06,362523555,37.405,-119.8145
reaction others faces face time, 2014-08-26 19:24:56,536561965,36.5347,-121.1198
still got shoes like im leaving lol, 2014-08-26 19:42:29,282688261,36.5347,-121.1198
volleyball sets season going, 2014-08-26 19:57:56,974724727,36.59210297,-121.8837134
moment say kidding youre actually dead serious, 2014-08-26 20:31:52,113545967,37.33231702,-121.8755703
nothing left smile smile smile, 2014-08-26 22:32:41,113545967,37.34423703,-121.8787134
hate working sarah, 2014-08-27 02:15:06,362523555,39.3438,-123.2198
world careless, 2014-08-27 02:58:52,809325992,37.23404523,-121.7636419
st one fun square plates count please see matching coordinates, 2014-08-27 05:55:37,30087621,37.74459265,-119.5947083
dont think life could get better knowing tomorrow get see, 2014-08-27 06:25:11,362523555,39.4915,-122.9877
please dont judge chris brown, 2014-08-27 06:57:03,31760327,39.4915,-122.9877
know know know, 2014-08-27 13:27:08,31760327,37.6697,-118.8745
joslin scratched fuck school bleeding, 2014-08-27 14:24:29,471764390,36.88536515,-121.7366047
im disgusted beauty im unimpressed status, 2014-08-27 15:24:59,20825439,37.31405937,-121.9940577
cause im black, 2014-08-27 17:32:25,131615009,36.66177074,-121.6624052
ready, 2014-08-27 17:50:09,362523555,37.6655,-118.8677
parents stare im eating dinner lt lt lt, 2014-08-27 17:55:08,362523555,37.6665,-118.8688
going green add water dispose apple ipod packaging, 2014-08-27 18:45:15,31760327,37.6648333,-118.8675
black chick would make rap song smelling mans dick, 2014-08-27 19:55:05,362523555,37.6653,-118.8668
fastest delivery min time purchase delivery startup shutl lands another, 2014-08-27 20:02:22,31760327,37.6653,-118.8668
heard dont judge first time today im late, 2014-08-27 23:10:26,31760327,36.732,-121.1905
downloads mastering online research comprehensive guide effective efficient search strategies book, 2014-08-28 00:55:06,362523555,36.5945,-121.1955
jls hottest girl world tell feels, 2014-08-28 01:41:35,31760327,37.4697,-118.8175
russian judges defend pussy riot ruling russian judges upheld prison sentences two three members female, 2014-08-28 03:40:08,362523555,36.7478,-120.9613
omg time sooo xcited errybody shuddap, 2014-08-28 04:11:53,31760327,37.6463,-119.0213
anchorman nlalds thursday night football vp debates bad little thursday night, 2014-08-28 04:16:44,53411858,37.37270021,-121.8804422
preparing worst, 2014-08-28 06:56:45,31760327,36.2923,-120.8612
romality lock yah official video, 2014-08-28 13:25:08,362523555,36.5588,-121.1177
im realizing accident prone george tucker plenty shenanigans way folks, 2014-08-28 13:32:35,31760327,36.5588,-121.1177
please dont judge amp wont judge, 2014-08-28 18:00:29,31760327,37.6673,-118.8648
twitter app always updates, 2014-08-28 22:55:08,362523555,37.6372,-118.8888
new season, 2014-08-29 08:58:14,31760327,36.562,-121.0708
unlocked fx movies easy sticker, 2014-08-29 09:00:11,362523555,36.562,-121.0708
exercising miles see, 2014-08-29 14:50:29,107816182,36.62,-119.25
im watching upon time others checked, 2014-08-29 14:55:09,362523555,36.6202,-119.2502
volkswagen beetle tdi diesel instrumented test mpg combined read, 2014-08-29 14:57:21,536561965,36.6202,-119.2502
people talk shit, 2014-08-29 15:29:01,282688261,36.6202,-119.2502
two sayings kept going week, 2014-08-29 19:16:00,37861434,37.3255,-122.1033
vote gt, 2014-08-29 19:20:07,362523555,37.3255,-122.1033
heads virginia tech rec sports salty seamen blood aint picnic, 2014-08-29 19:32:32,31760327,37.3255,-122.1033
deleted songs ipod idk download songs, 2014-08-29 21:46:30,107816182,36.689,-121.321
want something know cant, 2014-08-29 21:50:06,362523555,36.6888,-121.3212
soul food time, 2014-08-29 21:51:43,536561965,36.6888,-121.3212
im tired shit cuz im fucking, 2014-08-29 22:45:06,362523555,36.6855,-121.3173
rt hype game, 2014-08-29 22:50:34,282688261,36.6888,-121.3212
staring homework lazy, 2014-08-29 22:55:08,362523555,36.6862,-121.3177
stay seventeen party scene got best got let go, 2014-08-29 23:15:08,362523555,36.6852,-121.3185
df talking, 2014-08-29 23:35:07,362523555,36.6855,-121.317
lo foke music, 2014-08-29 23:35:33,107816182,36.688,-121.32
finally work, 2014-08-29 23:39:02,16680078,36.6877,-121.3197
hey big fan babysitter vampire, 2014-08-29 23:40:05,536561965,36.6877,-121.3197
dope rt olive jordan nov, 2014-08-29 23:40:06,362523555,36.6877,-121.3197
meet flippy duck says fuck beer art smiling skull, 2014-08-29 23:45:05,362523555,36.6833,-121.3165
god power ur holy spirit help live harmony others sympathetic love brother sister compassionate, 2014-08-29 23:54:19,282688261,36.6877,-121.3197
ska pop rt indie rock atink rt genre amy winehouses music, 2014-08-29 23:56:22,31760327,36.6877,-121.3197
mad talkin loud gettin ya blood pressure, 2014-08-30 00:10:08,362523555,36.6828,-121.3135
beautiful beautiful big natural breasts gorgeous slim babes, 2014-08-30 00:28:25,31760327,36.6833,-121.3165
wonder time monica coming house ina morning, 2014-08-30 04:10:08,362523555,36.916,-121.5953
go easy pb please, 2014-08-30 05:15:06,362523555,37.3523,-121.7187
whatever proud, 2014-08-30 05:15:00,37861434,37.3523,-121.7187
everyone keeps asking dont play basketball year good, 2014-08-30 05:34:43,31760327,37.5167,-118.8292
love chic fil day thomas though, 2014-08-30 05:35:06,362523555,37.5167,-118.8292
tell girl wearing big push lt lt lt lt lt lt lt lt lt lt lt lt hah liar liar pants fire, 2014-08-30 07:23:24,31760327,36.6827,-121.3258
pain pleasure, 2014-08-30 09:11:44,31760327,38.5555,-119.4145
cool summer breeze, 2014-08-30 20:35:08,362523555,36.6876678,-121.3201675
invite everyone check cafe istanbul tomorrow pm tickets proceeds go roots music, 2014-08-30 20:36:22,31760327,36.6876678,-121.3201675
honestly say never love thought love time turned teenage stage, 2014-08-30 22:38:12,393540732,37.12668578,-121.6269688
waitin granny nem get home ican get sum eat, 2014-08-30 23:00:06,362523555,36.4768333,-121.0565033
store gettin hoagie, 2014-08-30 23:10:20,31760327,36.4768333,-121.0565033
im tryna get rotation, 2014-08-31 00:59:33,15173752,37.35138889,-121.925
psa dad said excited see tomorrow dad like, 2014-08-31 01:18:55,15173752,37.35138889,-121.925
amd falls warning drop revenue, 2014-08-31 02:38:43,20962821,37.35084252,-121.9363547
dont get bryan thinks needs dress success hes unsuccessful either way, 2014-08-31 03:28:30,438838360,37.3500974,-121.9368446
im watching glee others checked, 2014-08-31 03:28:27,15173752,37.35138889,-121.925
unlocked local badge checking three times place one week, 2014-08-31 03:59:57,1010056423,39.14964499,-123.1913413
noo rt celebfactstory justin bieber asked star shades grey, 2014-08-31 04:46:17,39594885,37.35084252,-121.9363547
crazy reason always knew gon na get woman either southwest dallas, 2014-08-31 04:49:19,797982914,37.3524112,-121.9313945
im watching rock others checked, 2014-08-31 04:50:30,107816182,36.633,-121.245
five gals randikempers photo, 2014-08-31 04:55:08,362523555,37.2905,-119.2682
watch one favorite movies, 2014-08-31 04:55:09,362523555,36.633,-121.245
im home, 2014-08-31 04:55:41,536561965,36.633,-121.245
funny asf, 2014-08-31 05:17:36,282688261,36.633,-121.245
rhamphotheca earthflight winged planet peregrine falcon hunts starlings rome million starlings stre, 2014-08-31 05:40:39,705458902,36.71321985,-121.6195136
life makes perfect sense, 2014-08-31 06:49:14,2405529212,37.29908082,-121.8884589
rt focus positives forget negatives lt gt, 2014-08-31 08:45:06,362523555,36.6851654,-121.3195038
get hair done tomorrow, 2014-08-31 11:06:24,16353100,39.7248645,-121.8362659
number youth living parents rose million via, 2014-08-31 13:20:06,362523555,36.6855,-121.317
birds part slowly erode constructions man pooping car, 2014-08-31 17:44:23,31760327,36.48,-121.0582
tna impact wrestling begin, 2014-08-31 17:45:09,362523555,36.48,-121.0582
looking forward debate tonight tweeting live honest assessment, 2014-08-31 21:40:06,362523555,39.3444,-120.041
sick, 2014-08-31 22:03:08,51372938,37.28291138,-121.8195765
like know diggys busy small update would nice lol, 2014-08-31 22:09:59,2303486198,36.8003136,-119.7675711
love casey much, 2014-09-01 01:35:06,362523555,39.339,-122.891
days christmas gift exchange begins graduation day fun hell think fam purpose, 2014-09-01 05:45:06,362523555,39.2304993,-120.1041641
btw knicks fans long lebron alive melo gon continue melo barkley, 2014-09-01 05:45:09,31760327,39.2335,-120.0975
